,Accuracy,AUC,F1 Score
RandomForest,0.6933333333333334,0.6582010582010582,0.7870370370370371
XGBoost,0.6466666666666666,0.6512169312169312,0.7601809954751131
