{
    "0": {
        "precision": 0.38235294117647056,
        "recall": 0.28888888888888886,
        "f1-score": 0.3291139240506329,
        "support": 45.0
    },
    "1": {
        "precision": 0.7241379310344828,
        "recall": 0.8,
        "f1-score": 0.7601809954751131,
        "support": 105.0
    },
    "accuracy": 0.6466666666666666,
    "macro avg": {
        "precision": 0.5532454361054766,
        "recall": 0.5444444444444445,
        "f1-score": 0.544647459762873,
        "support": 150.0
    },
    "weighted avg": {
        "precision": 0.621602434077079,
        "recall": 0.6466666666666666,
        "f1-score": 0.6308608740477691,
        "support": 150.0
    }
}