,Accuracy,AUC,F1 Score
RandomForest_Poisoned,0.82,0.8103703703703704,0.8778280542986425
XGBoost_Poisoned,0.7866666666666666,0.8256084656084656,0.8532110091743119
VotingClassifier_Poisoned,0.7933333333333333,0.8243386243386243,0.8571428571428571
