,Accuracy,AUC,F1 Score
RandomForest_Tuned,0.7066666666666667,0.6642328042328042,0.8
XGBoost_Tuned,0.6533333333333333,0.6586243386243386,0.7614678899082569
VotingClassifier,0.6666666666666666,0.6637037037037037,0.7727272727272727
