,Accuracy,AUC,F1 Score
XGBoost,0.6533333333333333,0.6622222222222223,0.7699115044247787
RandomForest,0.74,0.7481481481481481,0.8354430379746836
