,Accuracy,AUC,F1 Score
RandomForest_Poisoned,0.8133333333333334,0.8074074074074074,0.8727272727272727
XGBoost_Poisoned,0.7933333333333333,0.8247619047619048,0.8544600938967136
VotingClassifier_Poisoned,0.82,0.8222222222222223,0.8755760368663594
