,Accuracy,AUC,F1 Score
RandomForest_Poisoned,0.8066666666666666,0.8118518518518518,0.8663594470046083
XGBoost_Poisoned,0.7733333333333333,0.8071957671957671,0.8440366972477065
VotingClassifier_Poisoned,0.8266666666666667,0.8133333333333334,0.8807339449541285
