,Accuracy,AUC,F1 Score
RandomForest_Poisoned,0.7733333333333333,0.7855026455026455,0.8425925925925926
XGBoost_Poisoned,0.7533333333333333,0.794074074074074,0.8310502283105022
VotingClassifier_Poisoned,0.7866666666666666,0.7978835978835979,0.8558558558558559
