,Accuracy,AUC,F1 Score
RandomForest,0.68,0.6657142857142857,0.7818181818181819
XGBoost,0.66,0.6391534391534391,0.7649769585253456
