{
    "0": {
        "precision": 0.45714285714285713,
        "recall": 0.35555555555555557,
        "f1-score": 0.4,
        "support": 45.0
    },
    "1": {
        "precision": 0.7478260869565218,
        "recall": 0.819047619047619,
        "f1-score": 0.7818181818181819,
        "support": 105.0
    },
    "accuracy": 0.68,
    "macro avg": {
        "precision": 0.6024844720496895,
        "recall": 0.5873015873015873,
        "f1-score": 0.5909090909090909,
        "support": 150.0
    },
    "weighted avg": {
        "precision": 0.6606211180124223,
        "recall": 0.68,
        "f1-score": 0.6672727272727272,
        "support": 150.0
    }
}