,Accuracy,AUC,F1 Score
RandomForest,0.6933333333333334,0.6555555555555556,0.7870370370370371
XGBoost,0.6733333333333333,0.6660317460317461,0.772093023255814
