{
    "0": {
        "precision": 0.48717948717948717,
        "recall": 0.4222222222222222,
        "f1-score": 0.4523809523809524,
        "support": 45.0
    },
    "1": {
        "precision": 0.7657657657657657,
        "recall": 0.8095238095238095,
        "f1-score": 0.7870370370370371,
        "support": 105.0
    },
    "accuracy": 0.6933333333333334,
    "macro avg": {
        "precision": 0.6264726264726265,
        "recall": 0.6158730158730159,
        "f1-score": 0.6197089947089948,
        "support": 150.0
    },
    "weighted avg": {
        "precision": 0.6821898821898822,
        "recall": 0.6933333333333334,
        "f1-score": 0.6866402116402117,
        "support": 150.0
    }
}