{
    "0": {
        "precision": 0.45,
        "recall": 0.4,
        "f1-score": 0.4235294117647059,
        "support": 45.0
    },
    "1": {
        "precision": 0.7545454545454545,
        "recall": 0.7904761904761904,
        "f1-score": 0.772093023255814,
        "support": 105.0
    },
    "accuracy": 0.6733333333333333,
    "macro avg": {
        "precision": 0.6022727272727273,
        "recall": 0.5952380952380952,
        "f1-score": 0.5978112175102599,
        "support": 150.0
    },
    "weighted avg": {
        "precision": 0.6631818181818181,
        "recall": 0.6733333333333333,
        "f1-score": 0.6675239398084816,
        "support": 150.0
    }
}