,Accuracy,AUC,F1 Score
RandomForest,0.68,0.6741798941798942,0.7798165137614679
XGBoost,0.68,0.6810582010582011,0.7798165137614679
