,Accuracy,AUC,F1 Score
RandomForest,0.6733333333333333,0.662116402116402,0.7782805429864253
XGBoost,0.6933333333333334,0.6637037037037037,0.7889908256880734
