,Accuracy,AUC,F1 Score
RandomForest,0.6733333333333333,0.6583068783068784,0.776255707762557
XGBoost,0.6466666666666666,0.6258201058201057,0.7557603686635944
