{
    "0": {
        "precision": 0.4318181818181818,
        "recall": 0.4222222222222222,
        "f1-score": 0.42696629213483145,
        "support": 45.0
    },
    "1": {
        "precision": 0.7547169811320755,
        "recall": 0.7619047619047619,
        "f1-score": 0.7582938388625592,
        "support": 105.0
    },
    "accuracy": 0.66,
    "macro avg": {
        "precision": 0.5932675814751287,
        "recall": 0.5920634920634921,
        "f1-score": 0.5926300654986953,
        "support": 150.0
    },
    "weighted avg": {
        "precision": 0.6578473413379075,
        "recall": 0.66,
        "f1-score": 0.6588955748442409,
        "support": 150.0
    }
}