{
    "0": {
        "precision": 0.47058823529411764,
        "recall": 0.35555555555555557,
        "f1-score": 0.4050632911392405,
        "support": 45.0
    },
    "1": {
        "precision": 0.75,
        "recall": 0.8285714285714286,
        "f1-score": 0.7873303167420814,
        "support": 105.0
    },
    "accuracy": 0.6866666666666666,
    "macro avg": {
        "precision": 0.6102941176470589,
        "recall": 0.5920634920634921,
        "f1-score": 0.596196803940661,
        "support": 150.0
    },
    "weighted avg": {
        "precision": 0.6661764705882353,
        "recall": 0.6866666666666666,
        "f1-score": 0.6726502090612292,
        "support": 150.0
    }
}