{
    "0": {
        "precision": 0.5172413793103449,
        "recall": 0.3333333333333333,
        "f1-score": 0.40540540540540543,
        "support": 45.0
    },
    "1": {
        "precision": 0.7520661157024794,
        "recall": 0.8666666666666667,
        "f1-score": 0.8053097345132744,
        "support": 105.0
    },
    "accuracy": 0.7066666666666667,
    "macro avg": {
        "precision": 0.6346537475064121,
        "recall": 0.6,
        "f1-score": 0.6053575699593399,
        "support": 150.0
    },
    "weighted avg": {
        "precision": 0.681618694784839,
        "recall": 0.7066666666666667,
        "f1-score": 0.6853384357809137,
        "support": 150.0
    }
}