{
    "0": {
        "precision": 0.5517241379310345,
        "recall": 0.35555555555555557,
        "f1-score": 0.43243243243243246,
        "support": 45.0
    },
    "1": {
        "precision": 0.7603305785123967,
        "recall": 0.8761904761904762,
        "f1-score": 0.8141592920353983,
        "support": 105.0
    },
    "accuracy": 0.72,
    "macro avg": {
        "precision": 0.6560273582217155,
        "recall": 0.6158730158730159,
        "f1-score": 0.6232958622339153,
        "support": 150.0
    },
    "weighted avg": {
        "precision": 0.697748646337988,
        "recall": 0.72,
        "f1-score": 0.6996412341545086,
        "support": 150.0
    }
}