{
    "0": {
        "precision": 0.5333333333333333,
        "recall": 0.35555555555555557,
        "f1-score": 0.4266666666666667,
        "support": 45.0
    },
    "1": {
        "precision": 0.7583333333333333,
        "recall": 0.8666666666666667,
        "f1-score": 0.8088888888888889,
        "support": 105.0
    },
    "accuracy": 0.7133333333333334,
    "macro avg": {
        "precision": 0.6458333333333333,
        "recall": 0.6111111111111112,
        "f1-score": 0.6177777777777778,
        "support": 150.0
    },
    "weighted avg": {
        "precision": 0.6908333333333333,
        "recall": 0.7133333333333334,
        "f1-score": 0.6942222222222223,
        "support": 150.0
    }
}