{
    "0": {
        "precision": 0.3684210526315789,
        "recall": 0.3111111111111111,
        "f1-score": 0.3373493975903614,
        "support": 45.0
    },
    "1": {
        "precision": 0.7232142857142857,
        "recall": 0.7714285714285715,
        "f1-score": 0.7465437788018433,
        "support": 105.0
    },
    "accuracy": 0.6333333333333333,
    "macro avg": {
        "precision": 0.5458176691729323,
        "recall": 0.5412698412698413,
        "f1-score": 0.5419465881961023,
        "support": 150.0
    },
    "weighted avg": {
        "precision": 0.6167763157894737,
        "recall": 0.6333333333333333,
        "f1-score": 0.6237854644383988,
        "support": 150.0
    }
}