{
    "0": {
        "precision": 0.5625,
        "recall": 0.4,
        "f1-score": 0.4675324675324675,
        "support": 45.0
    },
    "1": {
        "precision": 0.7711864406779662,
        "recall": 0.8666666666666667,
        "f1-score": 0.8161434977578476,
        "support": 105.0
    },
    "accuracy": 0.7266666666666667,
    "macro avg": {
        "precision": 0.6668432203389831,
        "recall": 0.6333333333333333,
        "f1-score": 0.6418379826451576,
        "support": 150.0
    },
    "weighted avg": {
        "precision": 0.7085805084745763,
        "recall": 0.7266666666666667,
        "f1-score": 0.7115601886902335,
        "support": 150.0
    }
}