{
    "0": {
        "precision": 0.5714285714285714,
        "recall": 0.4444444444444444,
        "f1-score": 0.5,
        "support": 45.0
    },
    "1": {
        "precision": 0.782608695652174,
        "recall": 0.8571428571428571,
        "f1-score": 0.8181818181818182,
        "support": 105.0
    },
    "accuracy": 0.7333333333333333,
    "macro avg": {
        "precision": 0.6770186335403727,
        "recall": 0.6507936507936507,
        "f1-score": 0.6590909090909092,
        "support": 150.0
    },
    "weighted avg": {
        "precision": 0.7192546583850932,
        "recall": 0.7333333333333333,
        "f1-score": 0.7227272727272728,
        "support": 150.0
    }
}