{
    "0": {
        "precision": 0.5,
        "recall": 0.3333333333333333,
        "f1-score": 0.4,
        "support": 45.0
    },
    "1": {
        "precision": 0.75,
        "recall": 0.8571428571428571,
        "f1-score": 0.8,
        "support": 105.0
    },
    "accuracy": 0.7,
    "macro avg": {
        "precision": 0.625,
        "recall": 0.5952380952380952,
        "f1-score": 0.6000000000000001,
        "support": 150.0
    },
    "weighted avg": {
        "precision": 0.675,
        "recall": 0.7,
        "f1-score": 0.68,
        "support": 150.0
    }
}