{
    "0": {
        "precision": 0.46153846153846156,
        "recall": 0.4,
        "f1-score": 0.42857142857142855,
        "support": 45.0
    },
    "1": {
        "precision": 0.7567567567567568,
        "recall": 0.8,
        "f1-score": 0.7777777777777778,
        "support": 105.0
    },
    "accuracy": 0.68,
    "macro avg": {
        "precision": 0.6091476091476091,
        "recall": 0.6000000000000001,
        "f1-score": 0.6031746031746031,
        "support": 150.0
    },
    "weighted avg": {
        "precision": 0.6681912681912683,
        "recall": 0.68,
        "f1-score": 0.6730158730158731,
        "support": 150.0
    }
}