{
    "0": {
        "precision": 0.5483870967741935,
        "recall": 0.37777777777777777,
        "f1-score": 0.4473684210526316,
        "support": 45.0
    },
    "1": {
        "precision": 0.7647058823529411,
        "recall": 0.8666666666666667,
        "f1-score": 0.8125,
        "support": 105.0
    },
    "accuracy": 0.72,
    "macro avg": {
        "precision": 0.6565464895635673,
        "recall": 0.6222222222222222,
        "f1-score": 0.6299342105263158,
        "support": 150.0
    },
    "weighted avg": {
        "precision": 0.6998102466793168,
        "recall": 0.72,
        "f1-score": 0.7029605263157895,
        "support": 150.0
    }
}