{
    "0": {
        "precision": 0.39473684210526316,
        "recall": 0.3333333333333333,
        "f1-score": 0.3614457831325301,
        "support": 45.0
    },
    "1": {
        "precision": 0.7321428571428571,
        "recall": 0.780952380952381,
        "f1-score": 0.7557603686635944,
        "support": 105.0
    },
    "accuracy": 0.6466666666666666,
    "macro avg": {
        "precision": 0.5634398496240601,
        "recall": 0.5571428571428572,
        "f1-score": 0.5586030758980622,
        "support": 150.0
    },
    "weighted avg": {
        "precision": 0.630921052631579,
        "recall": 0.6466666666666666,
        "f1-score": 0.6374659930042751,
        "support": 150.0
    }
}