{
    "0": {
        "precision": 0.42105263157894735,
        "recall": 0.35555555555555557,
        "f1-score": 0.3855421686746988,
        "support": 45.0
    },
    "1": {
        "precision": 0.7410714285714286,
        "recall": 0.7904761904761904,
        "f1-score": 0.7649769585253456,
        "support": 105.0
    },
    "accuracy": 0.66,
    "macro avg": {
        "precision": 0.581062030075188,
        "recall": 0.573015873015873,
        "f1-score": 0.5752595636000222,
        "support": 150.0
    },
    "weighted avg": {
        "precision": 0.6450657894736842,
        "recall": 0.66,
        "f1-score": 0.6511465215701516,
        "support": 150.0
    }
}