{
    "0": {
        "precision": 0.43333333333333335,
        "recall": 0.28888888888888886,
        "f1-score": 0.3466666666666667,
        "support": 45.0
    },
    "1": {
        "precision": 0.7333333333333333,
        "recall": 0.8380952380952381,
        "f1-score": 0.7822222222222223,
        "support": 105.0
    },
    "accuracy": 0.6733333333333333,
    "macro avg": {
        "precision": 0.5833333333333333,
        "recall": 0.5634920634920635,
        "f1-score": 0.5644444444444445,
        "support": 150.0
    },
    "weighted avg": {
        "precision": 0.6433333333333333,
        "recall": 0.6733333333333333,
        "f1-score": 0.6515555555555557,
        "support": 150.0
    }
}