{
    "0": {
        "precision": 0.5151515151515151,
        "recall": 0.37777777777777777,
        "f1-score": 0.4358974358974359,
        "support": 45.0
    },
    "1": {
        "precision": 0.7606837606837606,
        "recall": 0.8476190476190476,
        "f1-score": 0.8018018018018018,
        "support": 105.0
    },
    "accuracy": 0.7066666666666667,
    "macro avg": {
        "precision": 0.6379176379176379,
        "recall": 0.6126984126984127,
        "f1-score": 0.6188496188496189,
        "support": 150.0
    },
    "weighted avg": {
        "precision": 0.687024087024087,
        "recall": 0.7066666666666667,
        "f1-score": 0.692030492030492,
        "support": 150.0
    }
}