{
    "0": {
        "precision": 0.3783783783783784,
        "recall": 0.3111111111111111,
        "f1-score": 0.34146341463414637,
        "support": 45.0
    },
    "1": {
        "precision": 0.7256637168141593,
        "recall": 0.780952380952381,
        "f1-score": 0.7522935779816514,
        "support": 105.0
    },
    "accuracy": 0.64,
    "macro avg": {
        "precision": 0.5520210475962688,
        "recall": 0.5460317460317461,
        "f1-score": 0.5468784963078989,
        "support": 150.0
    },
    "weighted avg": {
        "precision": 0.6214781152834251,
        "recall": 0.64,
        "f1-score": 0.6290445289773998,
        "support": 150.0
    }
}