{
    "0": {
        "precision": 0.5555555555555556,
        "recall": 0.4444444444444444,
        "f1-score": 0.49382716049382713,
        "support": 45.0
    },
    "1": {
        "precision": 0.7807017543859649,
        "recall": 0.8476190476190476,
        "f1-score": 0.8127853881278538,
        "support": 105.0
    },
    "accuracy": 0.7266666666666667,
    "macro avg": {
        "precision": 0.6681286549707602,
        "recall": 0.646031746031746,
        "f1-score": 0.6533062743108404,
        "support": 150.0
    },
    "weighted avg": {
        "precision": 0.7131578947368421,
        "recall": 0.7266666666666667,
        "f1-score": 0.7170979198376458,
        "support": 150.0
    }
}