{
    "0": {
        "precision": 0.5675675675675675,
        "recall": 0.4666666666666667,
        "f1-score": 0.5121951219512195,
        "support": 45.0
    },
    "1": {
        "precision": 0.7876106194690266,
        "recall": 0.8476190476190476,
        "f1-score": 0.8165137614678899,
        "support": 105.0
    },
    "accuracy": 0.7333333333333333,
    "macro avg": {
        "precision": 0.6775890935182971,
        "recall": 0.6571428571428571,
        "f1-score": 0.6643544417095547,
        "support": 150.0
    },
    "weighted avg": {
        "precision": 0.7215977038985888,
        "recall": 0.7333333333333333,
        "f1-score": 0.7252181696128888,
        "support": 150.0
    }
}