{
    "0": {
        "precision": 0.4186046511627907,
        "recall": 0.4,
        "f1-score": 0.4090909090909091,
        "support": 45.0
    },
    "1": {
        "precision": 0.7476635514018691,
        "recall": 0.7619047619047619,
        "f1-score": 0.7547169811320755,
        "support": 105.0
    },
    "accuracy": 0.6533333333333333,
    "macro avg": {
        "precision": 0.5831341012823299,
        "recall": 0.5809523809523809,
        "f1-score": 0.5819039451114923,
        "support": 150.0
    },
    "weighted avg": {
        "precision": 0.6489458813301456,
        "recall": 0.6533333333333333,
        "f1-score": 0.6510291595197256,
        "support": 150.0
    }
}