{
    "0": {
        "precision": 0.5,
        "recall": 0.37777777777777777,
        "f1-score": 0.43037974683544306,
        "support": 45.0
    },
    "1": {
        "precision": 0.7586206896551724,
        "recall": 0.8380952380952381,
        "f1-score": 0.7963800904977375,
        "support": 105.0
    },
    "accuracy": 0.7,
    "macro avg": {
        "precision": 0.6293103448275862,
        "recall": 0.607936507936508,
        "f1-score": 0.6133799186665903,
        "support": 150.0
    },
    "weighted avg": {
        "precision": 0.6810344827586207,
        "recall": 0.7,
        "f1-score": 0.6865799873990492,
        "support": 150.0
    }
}