,Accuracy,AUC,F1 Score
RandomForest,0.7133333333333334,0.6839153439153439,0.8018433179723502
XGBoost,0.6866666666666666,0.6770370370370369,0.7813953488372093
