{
    "0": {
        "precision": 0.5263157894736842,
        "recall": 0.4444444444444444,
        "f1-score": 0.4819277108433735,
        "support": 45.0
    },
    "1": {
        "precision": 0.7767857142857143,
        "recall": 0.8285714285714286,
        "f1-score": 0.8018433179723502,
        "support": 105.0
    },
    "accuracy": 0.7133333333333334,
    "macro avg": {
        "precision": 0.6515507518796992,
        "recall": 0.6365079365079365,
        "f1-score": 0.6418855144078619,
        "support": 150.0
    },
    "weighted avg": {
        "precision": 0.7016447368421052,
        "recall": 0.7133333333333334,
        "f1-score": 0.7058686358336572,
        "support": 150.0
    }
}