{
    "0": {
        "precision": 0.475,
        "recall": 0.4222222222222222,
        "f1-score": 0.4470588235294118,
        "support": 45.0
    },
    "1": {
        "precision": 0.7636363636363637,
        "recall": 0.8,
        "f1-score": 0.7813953488372093,
        "support": 105.0
    },
    "accuracy": 0.6866666666666666,
    "macro avg": {
        "precision": 0.6193181818181819,
        "recall": 0.6111111111111112,
        "f1-score": 0.6142270861833106,
        "support": 150.0
    },
    "weighted avg": {
        "precision": 0.6770454545454546,
        "recall": 0.6866666666666666,
        "f1-score": 0.68109439124487,
        "support": 150.0
    }
}