,Accuracy,AUC,F1 Score
RandomForest,0.6933333333333334,0.6678306878306878,0.7909090909090909
XGBoost,0.6666666666666666,0.6675132275132275,0.7641509433962265
