{
    "0": {
        "precision": 0.4418604651162791,
        "recall": 0.4222222222222222,
        "f1-score": 0.4318181818181818,
        "support": 45.0
    },
    "1": {
        "precision": 0.7570093457943925,
        "recall": 0.7714285714285715,
        "f1-score": 0.7641509433962265,
        "support": 105.0
    },
    "accuracy": 0.6666666666666666,
    "macro avg": {
        "precision": 0.5994349054553358,
        "recall": 0.5968253968253968,
        "f1-score": 0.5979845626072041,
        "support": 150.0
    },
    "weighted avg": {
        "precision": 0.6624646815909585,
        "recall": 0.6666666666666666,
        "f1-score": 0.6644511149228132,
        "support": 150.0
    }
}