,Accuracy,AUC,F1 Score
RandomForest,0.7133333333333334,0.6769312169312169,0.8036529680365296
XGBoost,0.6933333333333334,0.6755555555555556,0.7889908256880734
