{
    "0": {
        "precision": 0.5277777777777778,
        "recall": 0.4222222222222222,
        "f1-score": 0.4691358024691358,
        "support": 45.0
    },
    "1": {
        "precision": 0.7719298245614035,
        "recall": 0.8380952380952381,
        "f1-score": 0.8036529680365296,
        "support": 105.0
    },
    "accuracy": 0.7133333333333334,
    "macro avg": {
        "precision": 0.6498538011695907,
        "recall": 0.6301587301587301,
        "f1-score": 0.6363943852528327,
        "support": 150.0
    },
    "weighted avg": {
        "precision": 0.6986842105263158,
        "recall": 0.7133333333333334,
        "f1-score": 0.7032978183663114,
        "support": 150.0
    }
}