{
    "0": {
        "precision": 0.4864864864864865,
        "recall": 0.4,
        "f1-score": 0.43902439024390244,
        "support": 45.0
    },
    "1": {
        "precision": 0.7610619469026548,
        "recall": 0.819047619047619,
        "f1-score": 0.7889908256880734,
        "support": 105.0
    },
    "accuracy": 0.6933333333333334,
    "macro avg": {
        "precision": 0.6237742166945707,
        "recall": 0.6095238095238096,
        "f1-score": 0.614007607965988,
        "support": 150.0
    },
    "weighted avg": {
        "precision": 0.6786893087778043,
        "recall": 0.6933333333333334,
        "f1-score": 0.6840008950548222,
        "support": 150.0
    }
}