,Accuracy,AUC,F1 Score
RandomForest,0.6933333333333334,0.6706878306878308,0.7889908256880734
XGBoost,0.64,0.6795767195767196,0.7452830188679245
