{
    "0": {
        "precision": 0.3953488372093023,
        "recall": 0.37777777777777777,
        "f1-score": 0.38636363636363635,
        "support": 45.0
    },
    "1": {
        "precision": 0.7383177570093458,
        "recall": 0.7523809523809524,
        "f1-score": 0.7452830188679245,
        "support": 105.0
    },
    "accuracy": 0.64,
    "macro avg": {
        "precision": 0.5668332971093241,
        "recall": 0.5650793650793651,
        "f1-score": 0.5658233276157805,
        "support": 150.0
    },
    "weighted avg": {
        "precision": 0.6354270810693328,
        "recall": 0.64,
        "f1-score": 0.6376072041166381,
        "support": 150.0
    }
}