,Accuracy,AUC,F1 Score
RandomForest,0.7066666666666667,0.6661375661375663,0.7962962962962963
XGBoost,0.7066666666666667,0.6857142857142857,0.7962962962962963
