,Accuracy,AUC,F1 Score
RandomForest,0.6933333333333334,0.6407407407407407,0.7909090909090909
XGBoost,0.68,0.6759788359788361,0.7777777777777778
