{
    "0": {
        "precision": 0.4857142857142857,
        "recall": 0.37777777777777777,
        "f1-score": 0.425,
        "support": 45.0
    },
    "1": {
        "precision": 0.7565217391304347,
        "recall": 0.8285714285714286,
        "f1-score": 0.7909090909090909,
        "support": 105.0
    },
    "accuracy": 0.6933333333333334,
    "macro avg": {
        "precision": 0.6211180124223602,
        "recall": 0.6031746031746033,
        "f1-score": 0.6079545454545454,
        "support": 150.0
    },
    "weighted avg": {
        "precision": 0.67527950310559,
        "recall": 0.6933333333333334,
        "f1-score": 0.6811363636363637,
        "support": 150.0
    }
}