,Accuracy,AUC,F1 Score
RandomForest,0.7,0.6602116402116401,0.7906976744186046
XGBoost,0.68,0.6761904761904762,0.7757009345794392
