{
    "0": {
        "precision": 0.5,
        "recall": 0.4444444444444444,
        "f1-score": 0.47058823529411764,
        "support": 45.0
    },
    "1": {
        "precision": 0.7727272727272727,
        "recall": 0.8095238095238095,
        "f1-score": 0.7906976744186046,
        "support": 105.0
    },
    "accuracy": 0.7,
    "macro avg": {
        "precision": 0.6363636363636364,
        "recall": 0.626984126984127,
        "f1-score": 0.6306429548563611,
        "support": 150.0
    },
    "weighted avg": {
        "precision": 0.6909090909090909,
        "recall": 0.7,
        "f1-score": 0.6946648426812585,
        "support": 150.0
    }
}