{
    "0": {
        "precision": 0.4634146341463415,
        "recall": 0.4222222222222222,
        "f1-score": 0.4418604651162791,
        "support": 45.0
    },
    "1": {
        "precision": 0.7614678899082569,
        "recall": 0.7904761904761904,
        "f1-score": 0.7757009345794392,
        "support": 105.0
    },
    "accuracy": 0.68,
    "macro avg": {
        "precision": 0.6124412620272992,
        "recall": 0.6063492063492063,
        "f1-score": 0.6087806998478591,
        "support": 150.0
    },
    "weighted avg": {
        "precision": 0.6720519131796823,
        "recall": 0.68,
        "f1-score": 0.6755487937404911,
        "support": 150.0
    }
}