{
    "0": {
        "precision": 0.7105263157894737,
        "recall": 0.6,
        "f1-score": 0.6506024096385542,
        "support": 45.0
    },
    "1": {
        "precision": 0.8392857142857143,
        "recall": 0.8952380952380953,
        "f1-score": 0.8663594470046083,
        "support": 105.0
    },
    "accuracy": 0.8066666666666666,
    "macro avg": {
        "precision": 0.7749060150375939,
        "recall": 0.7476190476190476,
        "f1-score": 0.7584809283215812,
        "support": 150.0
    },
    "weighted avg": {
        "precision": 0.8006578947368421,
        "recall": 0.8066666666666666,
        "f1-score": 0.8016323357947921,
        "support": 150.0
    }
}