{
    "0": {
        "precision": 0.6410256410256411,
        "recall": 0.5555555555555556,
        "f1-score": 0.5952380952380952,
        "support": 45.0
    },
    "1": {
        "precision": 0.8198198198198198,
        "recall": 0.8666666666666667,
        "f1-score": 0.8425925925925926,
        "support": 105.0
    },
    "accuracy": 0.7733333333333333,
    "macro avg": {
        "precision": 0.7304227304227304,
        "recall": 0.7111111111111111,
        "f1-score": 0.718915343915344,
        "support": 150.0
    },
    "weighted avg": {
        "precision": 0.7661815661815662,
        "recall": 0.7733333333333333,
        "f1-score": 0.7683862433862434,
        "support": 150.0
    }
}