{
    "0": {
        "precision": 0.5,
        "recall": 0.4,
        "f1-score": 0.4444444444444444,
        "support": 45.0
    },
    "1": {
        "precision": 0.7631578947368421,
        "recall": 0.8285714285714286,
        "f1-score": 0.7945205479452054,
        "support": 105.0
    },
    "accuracy": 0.7,
    "macro avg": {
        "precision": 0.631578947368421,
        "recall": 0.6142857142857143,
        "f1-score": 0.6194824961948249,
        "support": 150.0
    },
    "weighted avg": {
        "precision": 0.6842105263157895,
        "recall": 0.7,
        "f1-score": 0.6894977168949772,
        "support": 150.0
    }
}