{
    "0": {
        "precision": 0.7647058823529411,
        "recall": 0.5777777777777777,
        "f1-score": 0.6582278481012658,
        "support": 45.0
    },
    "1": {
        "precision": 0.8362068965517241,
        "recall": 0.9238095238095239,
        "f1-score": 0.8778280542986425,
        "support": 105.0
    },
    "accuracy": 0.82,
    "macro avg": {
        "precision": 0.8004563894523327,
        "recall": 0.7507936507936508,
        "f1-score": 0.7680279511999542,
        "support": 150.0
    },
    "weighted avg": {
        "precision": 0.8147565922920892,
        "recall": 0.82,
        "f1-score": 0.8119479924394294,
        "support": 150.0
    }
}