{
    "0": {
        "precision": 0.5384615384615384,
        "recall": 0.4666666666666667,
        "f1-score": 0.5,
        "support": 45.0
    },
    "1": {
        "precision": 0.7837837837837838,
        "recall": 0.8285714285714286,
        "f1-score": 0.8055555555555556,
        "support": 105.0
    },
    "accuracy": 0.72,
    "macro avg": {
        "precision": 0.661122661122661,
        "recall": 0.6476190476190476,
        "f1-score": 0.6527777777777778,
        "support": 150.0
    },
    "weighted avg": {
        "precision": 0.7101871101871101,
        "recall": 0.72,
        "f1-score": 0.7138888888888889,
        "support": 150.0
    }
}