{
    "0": {
        "precision": 0.7428571428571429,
        "recall": 0.5777777777777777,
        "f1-score": 0.65,
        "support": 45.0
    },
    "1": {
        "precision": 0.8347826086956521,
        "recall": 0.9142857142857143,
        "f1-score": 0.8727272727272727,
        "support": 105.0
    },
    "accuracy": 0.8133333333333334,
    "macro avg": {
        "precision": 0.7888198757763976,
        "recall": 0.746031746031746,
        "f1-score": 0.7613636363636364,
        "support": 150.0
    },
    "weighted avg": {
        "precision": 0.8072049689440993,
        "recall": 0.8133333333333334,
        "f1-score": 0.8059090909090908,
        "support": 150.0
    }
}