{
    "0": {
        "precision": 0.4411764705882353,
        "recall": 0.3333333333333333,
        "f1-score": 0.379746835443038,
        "support": 45.0
    },
    "1": {
        "precision": 0.7413793103448276,
        "recall": 0.819047619047619,
        "f1-score": 0.7782805429864253,
        "support": 105.0
    },
    "accuracy": 0.6733333333333333,
    "macro avg": {
        "precision": 0.5912778904665315,
        "recall": 0.5761904761904761,
        "f1-score": 0.5790136892147317,
        "support": 150.0
    },
    "weighted avg": {
        "precision": 0.65131845841785,
        "recall": 0.6733333333333333,
        "f1-score": 0.6587204307234092,
        "support": 150.0
    }
}