{
    "0": {
        "precision": 0.7368421052631579,
        "recall": 0.6222222222222222,
        "f1-score": 0.6746987951807228,
        "support": 45.0
    },
    "1": {
        "precision": 0.8482142857142857,
        "recall": 0.9047619047619048,
        "f1-score": 0.8755760368663594,
        "support": 105.0
    },
    "accuracy": 0.82,
    "macro avg": {
        "precision": 0.7925281954887218,
        "recall": 0.7634920634920634,
        "f1-score": 0.7751374160235411,
        "support": 150.0
    },
    "weighted avg": {
        "precision": 0.8148026315789474,
        "recall": 0.82,
        "f1-score": 0.8153128643606684,
        "support": 150.0
    }
}