{
    "0": {
        "precision": 0.7567567567567568,
        "recall": 0.6222222222222222,
        "f1-score": 0.6829268292682927,
        "support": 45.0
    },
    "1": {
        "precision": 0.8495575221238938,
        "recall": 0.9142857142857143,
        "f1-score": 0.8807339449541285,
        "support": 105.0
    },
    "accuracy": 0.8266666666666667,
    "macro avg": {
        "precision": 0.8031571394403253,
        "recall": 0.7682539682539682,
        "f1-score": 0.7818303871112107,
        "support": 150.0
    },
    "weighted avg": {
        "precision": 0.8217172925137527,
        "recall": 0.8266666666666667,
        "f1-score": 0.8213918102483778,
        "support": 150.0
    }
}