{
    "0": {
        "precision": 0.6944444444444444,
        "recall": 0.5555555555555556,
        "f1-score": 0.6172839506172839,
        "support": 45.0
    },
    "1": {
        "precision": 0.8245614035087719,
        "recall": 0.8952380952380953,
        "f1-score": 0.8584474885844748,
        "support": 105.0
    },
    "accuracy": 0.7933333333333333,
    "macro avg": {
        "precision": 0.7595029239766082,
        "recall": 0.7253968253968255,
        "f1-score": 0.7378657196008793,
        "support": 150.0
    },
    "weighted avg": {
        "precision": 0.7855263157894737,
        "recall": 0.7933333333333333,
        "f1-score": 0.7860984271943176,
        "support": 150.0
    }
}