{
    "0": {
        "precision": 0.42424242424242425,
        "recall": 0.3111111111111111,
        "f1-score": 0.358974358974359,
        "support": 45.0
    },
    "1": {
        "precision": 0.7350427350427351,
        "recall": 0.819047619047619,
        "f1-score": 0.7747747747747747,
        "support": 105.0
    },
    "accuracy": 0.6666666666666666,
    "macro avg": {
        "precision": 0.5796425796425797,
        "recall": 0.5650793650793651,
        "f1-score": 0.5668745668745668,
        "support": 150.0
    },
    "weighted avg": {
        "precision": 0.6418026418026418,
        "recall": 0.6666666666666666,
        "f1-score": 0.6500346500346501,
        "support": 150.0
    }
}