{
    "0": {
        "precision": 0.6842105263157895,
        "recall": 0.5777777777777777,
        "f1-score": 0.6265060240963856,
        "support": 45.0
    },
    "1": {
        "precision": 0.8303571428571429,
        "recall": 0.8857142857142857,
        "f1-score": 0.8571428571428571,
        "support": 105.0
    },
    "accuracy": 0.7933333333333333,
    "macro avg": {
        "precision": 0.7572838345864662,
        "recall": 0.7317460317460317,
        "f1-score": 0.7418244406196213,
        "support": 150.0
    },
    "weighted avg": {
        "precision": 0.7865131578947367,
        "recall": 0.7933333333333333,
        "f1-score": 0.7879518072289157,
        "support": 150.0
    }
}