{
    "0": {
        "precision": 0.42857142857142855,
        "recall": 0.3333333333333333,
        "f1-score": 0.375,
        "support": 45.0
    },
    "1": {
        "precision": 0.7391304347826086,
        "recall": 0.8095238095238095,
        "f1-score": 0.7727272727272727,
        "support": 105.0
    },
    "accuracy": 0.6666666666666666,
    "macro avg": {
        "precision": 0.5838509316770186,
        "recall": 0.5714285714285714,
        "f1-score": 0.5738636363636364,
        "support": 150.0
    },
    "weighted avg": {
        "precision": 0.6459627329192545,
        "recall": 0.6666666666666666,
        "f1-score": 0.6534090909090909,
        "support": 150.0
    }
}