{
    "0": {
        "precision": 0.5,
        "recall": 0.35555555555555557,
        "f1-score": 0.4155844155844156,
        "support": 45.0
    },
    "1": {
        "precision": 0.7542372881355932,
        "recall": 0.8476190476190476,
        "f1-score": 0.7982062780269058,
        "support": 105.0
    },
    "accuracy": 0.7,
    "macro avg": {
        "precision": 0.6271186440677966,
        "recall": 0.6015873015873016,
        "f1-score": 0.6068953468056607,
        "support": 150.0
    },
    "weighted avg": {
        "precision": 0.6779661016949152,
        "recall": 0.7,
        "f1-score": 0.6834197192941588,
        "support": 150.0
    }
}