{
    "0": {
        "precision": 0.696969696969697,
        "recall": 0.5111111111111111,
        "f1-score": 0.5897435897435898,
        "support": 45.0
    },
    "1": {
        "precision": 0.811965811965812,
        "recall": 0.9047619047619048,
        "f1-score": 0.8558558558558559,
        "support": 105.0
    },
    "accuracy": 0.7866666666666666,
    "macro avg": {
        "precision": 0.7544677544677545,
        "recall": 0.7079365079365079,
        "f1-score": 0.7227997227997228,
        "support": 150.0
    },
    "weighted avg": {
        "precision": 0.7774669774669775,
        "recall": 0.7866666666666666,
        "f1-score": 0.7760221760221762,
        "support": 150.0
    }
}