{
    "0": {
        "precision": 0.6111111111111112,
        "recall": 0.4888888888888889,
        "f1-score": 0.5432098765432098,
        "support": 45.0
    },
    "1": {
        "precision": 0.7982456140350878,
        "recall": 0.8666666666666667,
        "f1-score": 0.8310502283105022,
        "support": 105.0
    },
    "accuracy": 0.7533333333333333,
    "macro avg": {
        "precision": 0.7046783625730995,
        "recall": 0.6777777777777778,
        "f1-score": 0.687130052426856,
        "support": 150.0
    },
    "weighted avg": {
        "precision": 0.7421052631578948,
        "recall": 0.7533333333333333,
        "f1-score": 0.7446981227803146,
        "support": 150.0
    }
}