{
    "0": {
        "precision": 0.6666666666666666,
        "recall": 0.6222222222222222,
        "f1-score": 0.6436781609195402,
        "support": 45.0
    },
    "1": {
        "precision": 0.8425925925925926,
        "recall": 0.8666666666666667,
        "f1-score": 0.8544600938967136,
        "support": 105.0
    },
    "accuracy": 0.7933333333333333,
    "macro avg": {
        "precision": 0.7546296296296295,
        "recall": 0.7444444444444445,
        "f1-score": 0.7490691274081269,
        "support": 150.0
    },
    "weighted avg": {
        "precision": 0.7898148148148147,
        "recall": 0.7933333333333333,
        "f1-score": 0.7912255140035617,
        "support": 150.0
    }
}