{
    "0": {
        "precision": 0.41025641025641024,
        "recall": 0.35555555555555557,
        "f1-score": 0.38095238095238093,
        "support": 45.0
    },
    "1": {
        "precision": 0.7387387387387387,
        "recall": 0.780952380952381,
        "f1-score": 0.7592592592592593,
        "support": 105.0
    },
    "accuracy": 0.6533333333333333,
    "macro avg": {
        "precision": 0.5744975744975744,
        "recall": 0.5682539682539682,
        "f1-score": 0.5701058201058201,
        "support": 150.0
    },
    "weighted avg": {
        "precision": 0.6401940401940402,
        "recall": 0.6533333333333333,
        "f1-score": 0.6457671957671958,
        "support": 150.0
    }
}