{
    "0": {
        "precision": 0.6486486486486487,
        "recall": 0.5333333333333333,
        "f1-score": 0.5853658536585366,
        "support": 45.0
    },
    "1": {
        "precision": 0.8141592920353983,
        "recall": 0.8761904761904762,
        "f1-score": 0.8440366972477065,
        "support": 105.0
    },
    "accuracy": 0.7733333333333333,
    "macro avg": {
        "precision": 0.7314039703420234,
        "recall": 0.7047619047619047,
        "f1-score": 0.7147012754531215,
        "support": 150.0
    },
    "weighted avg": {
        "precision": 0.7645060990193735,
        "recall": 0.7733333333333333,
        "f1-score": 0.7664354441709555,
        "support": 150.0
    }
}