{
    "0": {
        "precision": 0.6756756756756757,
        "recall": 0.5555555555555556,
        "f1-score": 0.6097560975609756,
        "support": 45.0
    },
    "1": {
        "precision": 0.8230088495575221,
        "recall": 0.8857142857142857,
        "f1-score": 0.8532110091743119,
        "support": 105.0
    },
    "accuracy": 0.7866666666666666,
    "macro avg": {
        "precision": 0.7493422626165989,
        "recall": 0.7206349206349206,
        "f1-score": 0.7314835533676438,
        "support": 150.0
    },
    "weighted avg": {
        "precision": 0.7788088973929681,
        "recall": 0.7866666666666666,
        "f1-score": 0.780174535690311,
        "support": 150.0
    }
}