{
    "0": {
        "precision": 0.4594594594594595,
        "recall": 0.37777777777777777,
        "f1-score": 0.4146341463414634,
        "support": 45.0
    },
    "1": {
        "precision": 0.7522123893805309,
        "recall": 0.8095238095238095,
        "f1-score": 0.7798165137614679,
        "support": 105.0
    },
    "accuracy": 0.68,
    "macro avg": {
        "precision": 0.6058359244199952,
        "recall": 0.5936507936507937,
        "f1-score": 0.5972253300514656,
        "support": 150.0
    },
    "weighted avg": {
        "precision": 0.6643865104042095,
        "recall": 0.68,
        "f1-score": 0.6702618035354665,
        "support": 150.0
    }
}