{
    "0": {
        "precision": 0.40540540540540543,
        "recall": 0.3333333333333333,
        "f1-score": 0.36585365853658536,
        "support": 45.0
    },
    "1": {
        "precision": 0.7345132743362832,
        "recall": 0.7904761904761904,
        "f1-score": 0.7614678899082569,
        "support": 105.0
    },
    "accuracy": 0.6533333333333333,
    "macro avg": {
        "precision": 0.5699593398708444,
        "recall": 0.5619047619047619,
        "f1-score": 0.5636607742224211,
        "support": 150.0
    },
    "weighted avg": {
        "precision": 0.6357809136570198,
        "recall": 0.6533333333333333,
        "f1-score": 0.6427836204967554,
        "support": 150.0
    }
}