,Accuracy,AUC,F1 Score
RandomForest,0.6733333333333333,0.6693121693121693,0.776255707762557
XGBoost,0.68,0.6706878306878307,0.7857142857142857
