{
    "0": {
        "precision": 0.4444444444444444,
        "recall": 0.35555555555555557,
        "f1-score": 0.3950617283950617,
        "support": 45.0
    },
    "1": {
        "precision": 0.7456140350877193,
        "recall": 0.8095238095238095,
        "f1-score": 0.776255707762557,
        "support": 105.0
    },
    "accuracy": 0.6733333333333333,
    "macro avg": {
        "precision": 0.5950292397660819,
        "recall": 0.5825396825396826,
        "f1-score": 0.5856587180788093,
        "support": 150.0
    },
    "weighted avg": {
        "precision": 0.6552631578947368,
        "recall": 0.6733333333333333,
        "f1-score": 0.6618975139523086,
        "support": 150.0
    }
}