{
    "0": {
        "precision": 0.45161290322580644,
        "recall": 0.3111111111111111,
        "f1-score": 0.3684210526315789,
        "support": 45.0
    },
    "1": {
        "precision": 0.7394957983193278,
        "recall": 0.8380952380952381,
        "f1-score": 0.7857142857142857,
        "support": 105.0
    },
    "accuracy": 0.68,
    "macro avg": {
        "precision": 0.5955543507725671,
        "recall": 0.5746031746031746,
        "f1-score": 0.5770676691729323,
        "support": 150.0
    },
    "weighted avg": {
        "precision": 0.6531309297912713,
        "recall": 0.68,
        "f1-score": 0.6605263157894737,
        "support": 150.0
    }
}