,Accuracy,AUC,F1 Score
RandomForest,0.7066666666666667,0.6791534391534392,0.7962962962962963
XGBoost,0.7,0.7121693121693122,0.7926267281105991
