{
    "0": {
        "precision": 0.5128205128205128,
        "recall": 0.4444444444444444,
        "f1-score": 0.47619047619047616,
        "support": 45.0
    },
    "1": {
        "precision": 0.7747747747747747,
        "recall": 0.819047619047619,
        "f1-score": 0.7962962962962963,
        "support": 105.0
    },
    "accuracy": 0.7066666666666667,
    "macro avg": {
        "precision": 0.6437976437976438,
        "recall": 0.6317460317460317,
        "f1-score": 0.6362433862433863,
        "support": 150.0
    },
    "weighted avg": {
        "precision": 0.6961884961884961,
        "recall": 0.7066666666666667,
        "f1-score": 0.7002645502645503,
        "support": 150.0
    }
}