{
    "0": {
        "precision": 0.5,
        "recall": 0.4222222222222222,
        "f1-score": 0.4578313253012048,
        "support": 45.0
    },
    "1": {
        "precision": 0.7678571428571429,
        "recall": 0.819047619047619,
        "f1-score": 0.7926267281105991,
        "support": 105.0
    },
    "accuracy": 0.7,
    "macro avg": {
        "precision": 0.6339285714285714,
        "recall": 0.6206349206349207,
        "f1-score": 0.625229026705902,
        "support": 150.0
    },
    "weighted avg": {
        "precision": 0.6875,
        "recall": 0.7,
        "f1-score": 0.6921881072677809,
        "support": 150.0
    }
}