,Accuracy,AUC,F1 Score
RandomForest,0.72,0.7202116402116403,0.8141592920353983
XGBoost,0.66,0.6423280423280423,0.7582938388625592
