,Accuracy,AUC,F1 Score
RandomForest,0.7133333333333334,0.7075132275132275,0.8088888888888889
XGBoost,0.6866666666666666,0.6499470899470899,0.7813953488372093
