,Accuracy,AUC,F1 Score
RandomForest,0.7066666666666667,0.7133333333333333,0.8053097345132744
XGBoost,0.6866666666666666,0.612910052910053,0.7873303167420814
