,Accuracy,AUC,F1 Score
RandomForest,0.72,0.7247619047619046,0.8141592920353983
XGBoost,0.66,0.6211640211640211,0.7649769585253456
