Accuracy,AUC,F1 Score,Scenario
0.7066666666666667,0.7241269841269842,0.8070175438596491,Clean Data
0.6666666666666666,0.6099470899470899,0.7727272727272727,Clean Data
0.7,0.6694179894179894,0.7982062780269058,Clean Data
0.7133333333333334,0.7168253968253968,0.8088888888888889,FeatureManipulation_IsolationForest
0.68,0.6738624338624338,0.7777777777777778,FeatureManipulation_IsolationForest
