Accuracy,AUC,F1 Score,Scenario
0.7066666666666667,0.7241269841269842,0.8070175438596491,Clean Data
0.6666666666666666,0.6099470899470899,0.7727272727272727,Clean Data
0.7,0.6694179894179894,0.7982062780269058,Clean Data
0.7266666666666667,0.7207407407407408,0.8161434977578476,FeatureManipulation_LOF
0.6333333333333333,0.6154497354497355,0.7465437788018433,FeatureManipulation_LOF
