Accuracy,AUC,F1 Score,Scenario
0.7066666666666667,0.7241269841269842,0.8070175438596491,Clean Data
0.6666666666666666,0.6099470899470899,0.7727272727272727,Clean Data
0.7,0.6694179894179894,0.7982062780269058,Clean Data
0.7066666666666667,0.7296296296296296,0.8018018018018018,InjectionAttack_LOF
0.6733333333333333,0.6615873015873015,0.7782805429864253,InjectionAttack_LOF
