Accuracy,AUC,F1 Score,Scenario
0.7066666666666667,0.7241269841269842,0.8070175438596491,Clean Data
0.6666666666666666,0.6099470899470899,0.7727272727272727,Clean Data
0.7,0.6694179894179894,0.7982062780269058,Clean Data
0.72,0.716931216931217,0.8125,InjectionAttack_IsolationForest_Autoencoder
0.66,0.6103703703703702,0.7649769585253456,InjectionAttack_IsolationForest_Autoencoder
