Accuracy,AUC,F1 Score,Scenario
0.7066666666666667,0.7241269841269842,0.8070175438596491,Clean Data
0.6666666666666666,0.6099470899470899,0.7727272727272727,Clean Data
0.7,0.6694179894179894,0.7982062780269058,Clean Data
0.72,0.7247619047619046,0.8141592920353983,BackdoorAttack_LOF
0.66,0.6211640211640211,0.7649769585253456,BackdoorAttack_LOF
