Accuracy,AUC,F1 Score,Scenario
0.7066666666666667,0.7241269841269842,0.8070175438596491,Clean Data
0.6666666666666666,0.6099470899470899,0.7727272727272727,Clean Data
0.7,0.6694179894179894,0.7982062780269058,Clean Data
0.7333333333333333,0.7191534391534391,0.8165137614678899,LabelFlipping_LOF
0.6533333333333333,0.6156613756613757,0.7547169811320755,LabelFlipping_LOF
