,Accuracy,AUC,F1 Score
RandomForest,0.7,0.7168253968253968,0.8
XGBoost,0.6666666666666666,0.6101587301587301,0.7727272727272727
