,Accuracy,AUC,F1 Score
RandomForest,0.7133333333333334,0.7168253968253968,0.8088888888888889
XGBoost,0.68,0.6738624338624338,0.7777777777777778
