,Accuracy,AUC,F1 Score
RandomForest,0.7333333333333333,0.7279365079365079,0.8181818181818182
XGBoost,0.6533333333333333,0.6317460317460317,0.7614678899082569
