,Accuracy,AUC,F1 Score
RandomForest,0.7266666666666667,0.7207407407407408,0.8161434977578476
XGBoost,0.6333333333333333,0.6154497354497355,0.7465437788018433
