,Accuracy,AUC,F1 Score
RandomForest,0.7066666666666667,0.7103703703703703,0.8053097345132744
XGBoost,0.6733333333333333,0.6588359788359789,0.7822222222222223
