,Accuracy,AUC,F1 Score
RandomForest,0.7066666666666667,0.7296296296296296,0.8018018018018018
XGBoost,0.6733333333333333,0.6615873015873015,0.7782805429864253
