,Accuracy,AUC,F1 Score
RandomForest,0.72,0.716931216931217,0.8125
XGBoost,0.66,0.6103703703703702,0.7649769585253456
