,Accuracy,AUC,F1 Score
RandomForest,0.7066666666666667,0.7243386243386244,0.8018018018018018
XGBoost,0.6466666666666666,0.6503703703703704,0.7557603686635944
