,Accuracy,AUC,F1 Score
RandomForest,0.7333333333333333,0.7191534391534391,0.8165137614678899
XGBoost,0.6533333333333333,0.6156613756613757,0.7547169811320755
