,Accuracy,AUC,F1 Score
RandomForest,0.7266666666666667,0.706031746031746,0.8127853881278538
XGBoost,0.64,0.5796825396825397,0.7522935779816514
