,Accuracy,AUC,F1 Score
RandomForest,0.7,0.706031746031746,0.7963800904977375
XGBoost,0.66,0.6243386243386243,0.7649769585253456
