,Accuracy,AUC,F1 Score
RandomForest,0.7066666666666667,0.7088888888888889,0.7962962962962963
XGBoost,0.7,0.6317460317460317,0.7926267281105991
