,Accuracy,AUC,F1 Score
RandomForest,0.7066666666666667,0.6845502645502645,0.7981651376146789
XGBoost,0.66,0.6946031746031746,0.7671232876712328
