{
    "0": {
        "precision": 0.5135135135135135,
        "recall": 0.4222222222222222,
        "f1-score": 0.4634146341463415,
        "support": 45.0
    },
    "1": {
        "precision": 0.7699115044247787,
        "recall": 0.8285714285714286,
        "f1-score": 0.7981651376146789,
        "support": 105.0
    },
    "accuracy": 0.7066666666666667,
    "macro avg": {
        "precision": 0.6417125089691461,
        "recall": 0.6253968253968254,
        "f1-score": 0.6307898858805102,
        "support": 150.0
    },
    "weighted avg": {
        "precision": 0.692992107151399,
        "recall": 0.7066666666666667,
        "f1-score": 0.6977399865741777,
        "support": 150.0
    }
}