{
    "0": {
        "precision": 0.4166666666666667,
        "recall": 0.3333333333333333,
        "f1-score": 0.37037037037037035,
        "support": 45.0
    },
    "1": {
        "precision": 0.7368421052631579,
        "recall": 0.8,
        "f1-score": 0.7671232876712328,
        "support": 105.0
    },
    "accuracy": 0.66,
    "macro avg": {
        "precision": 0.5767543859649122,
        "recall": 0.5666666666666667,
        "f1-score": 0.5687468290208015,
        "support": 150.0
    },
    "weighted avg": {
        "precision": 0.6407894736842105,
        "recall": 0.66,
        "f1-score": 0.6480974124809742,
        "support": 150.0
    }
}